{
  "CG": [
    23.583431,
    23.177086,
    21.910824,
    19.288898,
    15.926722,
    16.054789,
    14.102159,
    20.573019,
    20.447756,
    20.42597,
    19.199749,
    16.333364,
    14.109305,
    12.611273,
    13.330908,
    17.687874,
    14.276987,
    14.717669,
    15.770256,
    19.604563,
    13.155624,
    12.196615,
    23.722536,
    26.719725
  ],
  "CC": [
    12.333591,
    16.69087,
    11.754539,
    14.11092,
    19.410313,
    23.825562,
    16.006416,
    19.682814,
    26.775457,
    29.312803,
    16.186813,
    19.93829,
    28.799467,
    30.714722,
    19.626377,
    23.306856,
    14.853482,
    18.313122
  ],
  "UG": [
    15.935273,
    26.507633,
    26.292337,
    20.76355,
    16.73176,
    24.227039,
    24.053852,
    17.896753,
    15.589823,
    17.802498,
    12.815767,
    14.91365,
    14.072187,
    11.160056,
    10.218998,
    14.473278,
    19.427042
  ],
  "AC": [
    16.344101,
    17.88069,
    19.548227,
    18.152391,
    15.890946,
    12.273128,
    12.517029,
    10.554679,
    15.14799,
    14.129553,
    10.786886,
    17.018118,
    21.202145,
    28.173323,
    31.51454,
    8.606335,
    22.134321,
    23.395477,
    15.786504,
    26.771509,
    29.121805,
    15.863818
  ],
  "GG": [
    20.467932,
    19.894503,
    16.566753,
    19.748659,
    15.761428
  ],
  "AU": [
    20.781641,
    21.020172,
    16.041517,
    13.785999,
    17.243778,
    18.625172,
    14.334464,
    13.050566,
    16.865694,
    10.124913,
    19.485441,
    25.423452,
    23.541866,
    23.377481
  ],
  "AA": [
    20.856916,
    19.432222,
    15.799093,
    12.115075,
    22.998343,
    19.690533
  ],
  "AG": [
    27.355963,
    20.610357,
    17.449524,
    24.336617,
    19.974146,
    17.131845,
    19.088612,
    13.111101,
    17.02956,
    14.048988,
    14.182917,
    14.939971
  ],
  "UC": [
    15.676258,
    18.899035,
    16.385086,
    15.088038,
    12.466831,
    14.938635,
    15.635435,
    16.087507,
    11.479435,
    15.133531,
    11.233794,
    15.629118,
    24.298908,
    28.664978,
    11.358332,
    12.561672,
    17.40942,
    26.553949,
    30.347202,
    24.432743,
    18.344049,
    21.006348,
    26.602055,
    28.192585,
    26.259987,
    14.574002
  ],
  "UU": [
    16.502623,
    17.395605,
    15.317974,
    12.730596,
    15.953372,
    20.213987,
    12.751547,
    22.839493,
    25.152679
  ]
}