{
  "CG": [
    21.323145,
    26.540138,
    21.279354,
    23.691387
  ],
  "CC": [
    15.224388,
    24.386354,
    17.031576
  ],
  "UG": [
    20.191866,
    24.662939,
    28.568087,
    16.249987,
    23.508667,
    27.212486,
    19.780821,
    27.116261,
    23.747053,
    19.56344
  ],
  "AC": [
    27.357079,
    28.600243,
    25.982796,
    27.237015,
    17.004417,
    21.159319
  ],
  "GG": [
    16.440557,
    26.256794,
    15.949977
  ],
  "AU": [
    30.337011,
    33.123436,
    28.231487,
    30.164219,
    27.977638,
    28.646004,
    22.787743,
    24.913956,
    15.834967
  ],
  "AG": [
    27.720997,
    28.475193,
    20.331406,
    23.562225
  ],
  "UC": [
    22.75815,
    26.300341,
    19.694588,
    25.672441,
    17.921478,
    25.378586,
    23.833372,
    20.327209
  ],
  "UU": [
    16.393187,
    23.474499,
    27.321503,
    21.310436,
    26.334103,
    15.066584,
    25.43536,
    15.446507
  ]
}