{
  "CG": [
    15.474443,
    33.01944,
    28.579557,
    23.095623,
    28.322832,
    32.211216,
    23.921022,
    16.342901,
    16.300295,
    17.156925,
    13.794676,
    23.968733,
    27.113268,
    20.460184,
    16.137396,
    33.402203,
    36.849663,
    26.500883,
    19.05854,
    16.665325,
    13.81239,
    11.860464,
    17.676031,
    20.49511,
    22.892525,
    10.966039,
    25.65671,
    32.682758,
    32.640831,
    24.794592,
    15.709548,
    13.994862,
    19.983849,
    21.468649,
    27.157263,
    17.295744,
    10.433521,
    7.808494,
    34.292938,
    38.084702,
    28.40099,
    18.478485,
    14.501513,
    15.880756,
    20.186258,
    12.24294,
    16.586988,
    18.107815,
    40.599823,
    45.610706,
    39.103191,
    24.361361,
    16.165579,
    20.965658,
    30.900923,
    11.447729,
    19.315693,
    22.537594,
    35.734715,
    40.741875,
    34.405289,
    19.914902,
    21.816277,
    16.069508,
    16.942776,
    14.491303,
    16.593922,
    43.537437,
    47.570995,
    40.19355,
    28.931683,
    23.720671,
    27.596865,
    35.785862,
    17.428888,
    17.657734,
    31.826986,
    31.329929,
    27.341125,
    23.570185,
    24.645056,
    16.410877,
    13.913941,
    13.570043,
    14.739742,
    26.7836,
    26.361238,
    21.376566,
    20.566845,
    22.056942,
    13.208057,
    11.241212,
    15.498196,
    26.707972,
    30.487896,
    21.357069,
    11.899467,
    12.72613,
    20.4151,
    23.784946,
    17.947174,
    21.129993,
    24.576939,
    20.233212,
    14.462507,
    20.518497,
    33.446873,
    37.942223,
    29.05662,
    14.030329,
    13.948221,
    24.513842,
    38.228985,
    40.230988,
    38.052845,
    11.316193,
    34.167465,
    38.205517,
    24.942423,
    24.656385,
    33.531086,
    14.374866,
    39.646088,
    43.389,
    29.980131,
    28.849543,
    37.04792,
    21.056492,
    31.677662,
    41.819317,
    40.813473,
    41.926086,
    33.228539,
    35.956066,
    24.878254,
    23.381021,
    31.958845,
    21.506838,
    31.941769,
    31.571835,
    33.318024,
    17.153284,
    21.135969,
    10.563045,
    13.075807,
    23.425329,
    10.710564,
    15.779865,
    23.754002,
    19.88711,
    12.130418,
    15.709001,
    10.053696,
    24.58584,
    28.352203,
    34.093605,
    31.047247,
    33.998215,
    40.915981,
    20.30328,
    23.258841,
    26.191288
  ],
  "CC": [
    21.964863,
    16.141262,
    12.925998,
    35.288502,
    39.062614,
    28.996496,
    19.511061,
    15.026808,
    12.215004,
    14.461164,
    12.819379,
    14.079812,
    16.901222,
    40.805058,
    45.450066,
    38.896843,
    25.489584,
    19.046989,
    24.599533,
    33.839836,
    14.693501,
    35.677052,
    38.93018,
    30.146286,
    22.21769,
    20.534851,
    25.417612,
    30.564262,
    18.316965,
    30.295578,
    33.6609,
    24.546082,
    16.634466,
    16.604609,
    23.042431,
    27.09569,
    18.240118,
    11.919622,
    17.534534,
    28.51226,
    41.142662,
    41.676647,
    42.018875,
    22.732821,
    33.928749,
    45.885048,
    45.4781,
    46.817802,
    17.110701,
    27.68063,
    37.376423,
    36.015778,
    38.495205,
    24.35948,
    27.386564,
    24.564669,
    15.304637,
    22.13168,
    14.872991,
    10.654357,
    20.480532
  ],
  "UG": [
    23.566305,
    26.582136,
    32.355827,
    28.648502,
    15.558442,
    12.08413,
    10.474803,
    12.896087,
    15.561702,
    20.266115,
    24.416143,
    29.057076,
    11.844745,
    13.900067,
    13.325442,
    10.302952,
    13.779,
    24.709919,
    17.194241,
    23.781723,
    23.967772,
    20.651201,
    13.151465,
    12.003626,
    23.103239,
    34.066677,
    36.084091,
    28.943026,
    15.37414,
    15.081903,
    16.518141,
    17.705664,
    20.221786,
    10.355831,
    14.50109,
    22.254137,
    33.796185,
    37.903862,
    30.567362,
    14.675775,
    15.738724,
    14.52406,
    16.343981,
    17.691175,
    13.272878,
    26.645235,
    25.749435,
    35.391285,
    37.408218,
    35.426823,
    28.376078,
    31.160196,
    40.33963,
    41.442745,
    38.150272,
    15.937953,
    20.183952,
    35.097019,
    36.246872,
    31.897612,
    24.145962,
    25.286688,
    17.629377,
    15.76258,
    12.39159,
    17.54578,
    21.759794,
    25.90461,
    24.657635,
    22.372742,
    35.774384,
    39.427113,
    37.475353,
    36.017578,
    19.676823,
    15.81311,
    26.309769,
    30.901217,
    11.455307,
    9.466131,
    17.170168,
    39.712364,
    39.495312,
    36.491859,
    37.407784,
    41.580639,
    39.497841,
    34.746563,
    34.2575,
    32.065472,
    30.354614,
    26.478853,
    26.948748,
    15.760776,
    23.040937,
    25.519981,
    25.730894,
    19.727337,
    23.237577,
    23.109474,
    27.940596,
    31.185307,
    37.352531,
    33.279488,
    36.160515,
    43.985203,
    32.895397,
    35.080502,
    43.379093,
    31.978268,
    33.484276,
    40.871906
  ],