{
  "CG": [
    9.869929,
    12.736347,
    10.512124,
    13.998528,
    20.296787,
    19.709347,
    19.830957,
    16.268105,
    18.959692,
    21.04701,
    16.725687,
    16.100704,
    16.709763,
    23.111618,
    20.339712,
    16.81653,
    22.004604,
    20.293701,
    18.324545,
    20.078959,
    19.501371,
    20.975122,
    11.961802,
    10.918539,
    20.378595,
    12.201685,
    13.213797,
    19.822327,
    18.032669,
    20.710358,
    17.937532,
    15.364347,
    15.547383,
    17.164616,
    6.536813,
    12.849847,
    18.274729,
    21.06613,
    23.196131,
    24.295902,
    15.294968,
    20.305052,
    20.255539,
    22.490438,
    24.052631,
    12.778132,
    12.421327
  ],
  "CC": [
    17.695866,
    13.675063,
    18.696213,
    19.095232,
    19.56098
  ],
  "UG": [
    17.658562,
    20.383106,
    18.623259,
    12.273505,
    17.159918,
    18.454834,
    6.717966,
    14.9383,
    17.898197,
    15.316547,
    10.383194,
    11.790981,
    11.726219,
    10.812821,
    15.472417,
    15.730002,
    17.130909,
    18.338924,
    21.990608,
    19.17333,
    15.707482,
    17.74822,
    11.569127,
    9.544172,
    9.821178,
    17.326529,
    16.050793,
    14.367625,
    12.170761,
    8.405519,
    16.305336,
    16.970497,
    19.217627,
    20.858742
  ],
  "AC": [
    9.002849,
    20.15608,
    16.673952,
    14.754208,
    17.516956,
    15.999977,
    20.236576
  ],
  "GG": [
    15.476048,
    17.268293,
    19.732485,
    21.342943,
    23.53388,
    19.557802,
    19.627869,
    19.441906,
    13.943005,
    10.892048,
    10.736477,
    12.436296,
    13.256241,
    15.201502,
    18.39208,
    21.647869,
    18.768915,
    19.21516,
    19.177038,
    16.809933,
    12.846365,
    10.036674,
    8.811794,
    11.5234,
    15.570289,
    19.24021,
    17.919384,
    19.406715,
    20.229097,
    20.754721,
    17.255468,
    13.715801,
    13.799947,
    12.762469,
    13.097344,
    12.288292,
    16.6502,
    19.944567,
    20.748089,
    19.872948,
    18.75209,
    9.433722,
    11.391846,
    11.654526,
    15.22803,
    18.194801,
    20.98538,
    19.709658,
    17.902178,
    14.075534,
    14.484363,
    13.925003,
    14.222209,
    20.168144,
    17.677689,
    14.52106,
    7.953475,
    8.839682,
    11.883316,
    18.611607,
    18.550428,
    17.74766,
    5.213068,
    9.733315,
    14.803461,
    20.075754,
    21.658873,
    22.187843,
    15.22696,
    17.363163,
    18.80246,
    11.589035,
    13.866488,
    15.805651,
    11.055924,
    12.941182
  ],
  "AU": [
    19.80891,
    20.910816,
    15.180651,
    8.96297,
    16.061121,
    14.886003
  ],
  "AA": [
    13.071987
  ],
  "AG": [
    15.671206,
    15.219507,
    17.653179,
    21.390614,
    20.818272,
    21.467857,
    16.894762,
    17.545433,
    18.376688,
    11.657835,
    11.420075,
    13.69121,
    11.089466,
    13.613973,
    15.532574,
    17.794689,
    16.030762,
    18.542509,
    20.251141,
    19.718096,
    17.219709,
    14.993266
  ],
  "UC": [
    17.158394,
    20.833849,
    13.279828,
    17.784153,
    19.219629,
    20.770475,
    16.262054,
    19.496656,
    14.257633,
    15.840176
  ],
  "UU": [
    17.154984,
    15.983171
  ]
}